"stagadenn","lec_hanv","kumun","insee","rummad","dibab","deiziad_degemer","niv"
,"Moulin Provost","Motrev",29152,"Kêriadenn","Meilh Provost",25/03/2013,2200
,"Lost an Ale","Motrev",29152,"Kêriadenn","Lost an Ale",08/03/2013,131992
,"Cateliner","Motrev",29152,"Kêriadenn","Kateliner",25/03/2013,2213
,"Motreff","Motrev",29152,"Kumun","Motrev","0000-00-00",6566
"Fontaine","Saint-Leuffroy","Motrev",29152,"Monumant","Feuteun Sant-Leri",29/01/2009,97117
,"Saint-Sauveur","Motrev",29152,"Kêriadenn","Sant-Salver",25/03/2013,2222
,"Kermangis","Motrev",29152,"Kêriadenn","Kermañjiz",07/02/2013,2209
,"Kerantigoff","Motrev",29152,"Kêriadenn","Kerantigov",25/03/2013,10183
,"Kergaravat","Motrev",29152,"Kêriadenn","Kergaravad",11/03/2013,2205
"La","Grande Ile","Motrev",29152,"Kêriadenn","An Enez Vras",08/03/2013,2173
,"Kerrouiller","Motrev",29152,"Kêriadenn","Kerouilher",25/03/2013,2210
,"Coat ar Zant","Motrev",29152,"Kêriadenn","Koad ar Sant",11/03/2013,2182
,"Saint-Pierre du Brugou","Motrev",29152,"Monumant","Sant Pêr ar Brugoù",29/01/2009,97100
,"Penkêr Riwal","Motrev",29152,"Kêriadenn","Penkêr Riwal",25/03/2013,131993
,"Ville-Neuve","Motrev",29152,"Kêriadenn","Kernevez",11/03/2013,2202
,"Créhenquer","Motrev",29152,"Kêriadenn","Krec'hanken",25/03/2013,10182
"Chapelle","Sainte-Brigitte","Motrev",29152,"Monumant","Chapel Santez Brijid",25/03/2013,84794
,"Gwaremm Wenn","Motrev",29152,"Kêriadenn","Gwaremm Wenn",25/02/2013,131825
,"Kergorlay","Motrev",29152,"Kêriadenn","Kergorlae",25/03/2013,2206
"La Gare de","Motreff","Motrev",29152,"Kêriadenn","Gar Motrev",11/03/2013,131858
,"Liorz Margot","Motrev",29152,"Kêriadenn","Liorzh Margod",25/03/2013,2225
,"Ty Névez","Motrev",29152,"Kêriadenn","Ti Nevez",08/03/2013,2217
,"Kergaravat Vihan","Motrev",29152,"Kêriadenn","Kergaravad Vihan",11/03/2013,131823
"Dolmen de","Kervoulédic","Motrev",29152,"Monumant","Taol-vaen Kervoulidig",29/01/2009,97116
,"Restourhan","Motrev",29152,"Kêriadenn","Restourhant",25/03/2013,2197
,"Kerhuel","Motrev",29152,"Kêriadenn","Keruhel",06/02/2013,10185
"La","Haie Goff","Motrev",29152,"Kêriadenn","An Hae Gov",25/03/2013,2196
,"Treveller","Motrev",29152,"Kêriadenn","Treveler",18/06/2009,2188
,"Treveller Vian","Motrev",29152,"Kêriadenn","Treveler Vihan",25/03/2013,2189
,"Ty Coat","Motrev",29152,"Kêriadenn","Ti Koad",08/03/2013,131860
,"Kerlupet Vian","Motrev",29152,"Kêriadenn","Kerluped Vihan",25/03/2013,131434
,"Kernon","Motrev",29152,"Kêriadenn","Kernonn",11/03/2013,2186
,"Sterlen","Motrev",29152,"Kêriadenn","Sterlenn",21/01/2003,2171
,"Pont Prons","Motrev",29152,"Kêriadenn","Pont Provost",25/03/2013,2179
,"Keribin","Motrev",29152,"Kêriadenn","Keribin",08/03/2013,2207
,"Barnaou","Motrev",29152,"Kêriadenn","Barnaou",25/03/2013,2201
,"Saint-Leuffroy","Motrev",29152,"Kêriadenn","Sant-Leri",29/01/2009,2221
,"Saint Patern","Motrev",29152,"Monumant","Sant Patern",25/03/2013,131893
,"Croas an Dilen","Motrev",29152,"Kêriadenn","Kroaz an Delen",06/02/2013,2218
,"Ker Yvon","Motrev",29152,"Kêriadenn","Kêr Ivon",25/03/2013,131437
,"Port de Carhaix","Motrev",29152,"Kêriadenn","Pont ar Gergoad",08/11/1994,7226
"Le","Brugou","Motrev",29152,"Kêriadenn","Ar Brugoù",20/03/2006,2181
,"Glazennou","Motrev",29152,"Kêriadenn","Glazennoù",08/03/2013,131990
,"Kerret","Motrev",29152,"Kêriadenn","Kerred",25/03/2013,2172
"La","Garenne","Motrev",29152,"Kêriadenn","Ar Waremm",11/03/2013,2224
"Le lavoir du","Bourg","Motrev",29152,"Monumant","Stêr-gannañ ar vourc'h",29/01/2009,97101
,"Penkêr Bouluenn","Motrev",29152,"Kêriadenn","Penkêr Bouluenn",25/03/2013,131994
,"Leign Bozec","Motrev",29152,"Kêriadenn","Lein Bozeg",08/03/2013,10186
"Moulin de","Cateliner","Motrev",29152,"Kêriadenn","Meilh Kateliner",25/03/2013,131892
,"Moulin Neuf","Motrev",29152,"Kêriadenn","Ar Veilh Nevez",30/11/2000,6584
"Chapelle","Saint-Leuffroy","Motrev",29152,"Monumant","Chapel Sant-Leri",29/01/2009,98090
,"Saint-Comté","Motrev",29152,"Kêriadenn","Sant-Kontez",25/03/2013,2220
,"Penayeun","Motrev",29152,"Kêriadenn","Pennayeun",07/02/2013,2176
,"Kerbirien","Motrev",29152,"Kêriadenn","Kervirien",25/03/2013,2214
"Le","Vern","Motrev",29152,"Kêriadenn","Ar Vern",11/03/2013,2175
"La","Montagne","Motrev",29152,"Kêriadenn","Menez Motrev",21/01/2003,10187
,"Lannegenou","Motrev",29152,"Kêriadenn","Lannijennoù",25/03/2013,2185
,"Kerborgne","Motrev",29152,"Kêriadenn","Kerborn",08/03/2013,2203
"Le","Cosquer","Motrev",29152,"Kêriadenn","Ar Gozhkêr",11/03/2013,2187
"Etang du","Brugoù","Motrev",29152,"Dour","Lenn ar Brugoù",29/01/2009,98855
,"Pont Kuen","Motrev",29152,"Monumant","Pont Kuen",25/03/2013,131987
,"Mescouez","Motrev",29152,"Kêriadenn","Meskouez",11/03/2013,2223
"La","Haie Creiz","Motrev",29152,"Kêriadenn","An Hae Kreiz",25/03/2013,2195
,"Luzuverien","Motrev",29152,"Kêriadenn","Luzuverien",18/06/2009,2193
,"Trévourec","Motrev",29152,"Kêriadenn","Trevoureg",25/03/2013,2190
"Moulin de","Bronolo","Motrev",29152,"Kêriadenn","Meilh Bornolo",08/03/2013,2198
,"Kerlupet","Motrev",29152,"Kêriadenn","Kerluped",25/03/2013,2215
"La gare de","Port de Carhaix","Motrev",29152,"Monumant","Gar Pont ar Gergoad",11/03/2013,132003
"La","Butte du Cheval","Motrev",29152,"Kêriadenn","Lost Krec'henn ar Marc'h",25/03/2013,10180
,"Bronolo","Motrev",29152,"Kêriadenn","Bronolo",21/01/2003,2167
,"Maison Neuve","Motrev",29152,"Kêriadenn","An Tiri Nevez",25/03/2013,131436
,"Lescleden","Motrev",29152,"Kêriadenn","Leskledenn",08/03/2013,2192
,"Lescoat","Motrev",29152,"Kêriadenn","Leskoad",11/03/2013,2191
,"Kerléran","Motrev",29152,"Kêriadenn","Kerleran",07/02/2013,2208
,"Lannezval","Motrev",29152,"Kêriadenn","Lannezwal",29/01/2009,2194
,"Roz ar Garnoen","Motrev",29152,"Kêriadenn","Roz ar Garnoen",25/03/2013,2168
,"Pont Daoulas","Motrev",29152,"Kêriadenn","Pont Daoulaz",06/02/2013,2177
"Ecole des","Hirondelles","Motrev",29152,"Monumant","Skol ar Gwennili",23/05/2013,131822
,"Haut du Bourg","Motrev",29152,"Diseurt","Penn-nec'h ar Vourc'h",27/05/2010,113645
,"Ty Mahé","Motrev",29152,"Kêriadenn","Ti Mahe",25/03/2013,2216
,"Crehen Bolic","Motrev",29152,"Kêriadenn","Krec'henn Bolig",25/03/2013,10181
,"Kernaman","Motrev",29152,"Kêriadenn","Kernaman",25/03/2013,65718
,"Croas Kermangis","Motrev",29152,"Kêriadenn","Kroaz Kermañjiz",11/03/2013,2219
,"Stang ar Bacol","Ploneour-Lanwern",29174,"Kêriadenn","Stank ar Bakol",13/10/1999,2412
,"Penker","Ploneour-Lanwern",29174,"Kêriadenn","Penkêr",23/10/2007,92029
,"Trévilit","Ploneour-Lanwern",29174,"Kêriadenn","Trevilid",23/10/2007,66604
,"Kerseurec","Ploneour-Lanwern",29174,"Kêriadenn","Kerzeureg",23/10/2007,66510
,"Méloury Kerneizan","Ploneour-Lanwern",29174,"Kêriadenn","Melouri Kerneizan",23/10/2007,77976
,"Kergoulas","Ploneour-Lanwern",29174,"Kêriadenn","Kergoulaz",23/10/2007,66456
,"Kervilloc","Ploneour-Lanwern",29174,"Kêriadenn","Kervillog",23/10/2007,77926
,"Runevez","Ploneour-Lanwern",29174,"Kêriadenn","Ar Ru Nevez",23/10/2007,78007
,"Kerfoulard Vian","Ploneour-Lanwern",29174,"Kêriadenn","Kerfoular Vihan",23/10/2007,78082
,"Ar Faoioù","Ploneour-Lanwern",29174,"Kêriadenn","Ar Faoioù",23/10/2007,91874
,"Kerdalem Vras","Ploneour-Lanwern",29174,"Kêriadenn","Kerdalem Vras",23/10/2007,91884
"Rue","Traon ar Lin","Ploneour-Lanwern",29174,"Hent","Hent Traoñ ar Linenn",23/10/2007,82230
,"An Hent Kozh","Ploneour-Lanwern",29174,"Hent","An Hent Kozh",23/10/2007,91876
,"Toull-mein Kerscoudou","Ploneour-Lanwern",29174,"Diseurt","Toull-mein Kerskoudoù",23/10/2007,91914
"Manoir de","Trevilit","Ploneour-Lanwern",29174,"Monumant","Maner Trevilid",23/10/2007,77990
,"Kersulec","Ploneour-Lanwern",29174,"Kêriadenn","Kersuleg",23/10/2007,66516
,"Loc'h Meilh Bondivi","Ploneour-Lanwern",29174,"Dour","Loc'h Meilh Bondivi",23/10/2007,91959
,"Poull Keriequel","Ploneour-Lanwern",29174,"Monumant","Poull Keriekel",23/10/2007,91902
,"Kerparc","Ploneour-Lanwern",29174,"Kêriadenn","Kerpark",23/10/2007,78123
,"Kroez Vihan Langivoa","Ploneour-Lanwern",29174,"Monumant","Kroez Vihan Langiwa",23/10/2007,91872
,"Kerandraon Vihan","Ploneour-Lanwern",29174,"Kêriadenn","Kerandraon Vihan",23/10/2007,91880
,"Foennec ar Yeun","Ploneour-Lanwern",29174,"Maez","Foenneg ar Yeun",23/10/2007,78242
,"Kerlaouédec Bras","Ploneour-Lanwern",29174,"Kêriadenn","Kerlaouedeg Vras",23/10/2007,91908
,"Tachen ar Groaz","Ploneour-Lanwern",29174,"Kêriadenn","Tachenn ar Groez",23/10/2007,77925
,"Viloury Glas","Ploneour-Lanwern",29174,"Kêriadenn","Ar Vilouri C'hlas",23/10/2007,78121
,"Penn ar Prad","Ploneour-Lanwern",29174,"Kêriadenn","Penn ar Prad",23/10/2007,91967
,"Coat Saint Honore","Ploneour-Lanwern",29174,"Kêriadenn","Koad Sant Enored",23/10/2007,78237
,"Fao David","Ploneour-Lanwern",29174,"Kêriadenn","Fao David",23/10/2007,66416
,"Mine Car","Ploneour-Lanwern",29174,"Kêriadenn","Mine Kar",23/10/2007,78268
,"Keriequel","Ploneour-Lanwern",29174,"Kêriadenn","Keriekel",23/10/2007,66474
"Moulin de","Treouron","Ploneour-Lanwern",29174,"Kêriadenn","Meilh Dreouron",23/10/2007,78276
,"Kerganévet","Ploneour-Lanwern",29174,"Kêriadenn","Kerganeved",23/10/2007,78141
,"Kerhuel","Ploneour-Lanwern",29174,"Kêriadenn","Keruhel",23/10/2007,78119
,"Cosquer Vihan","Ploneour-Lanwern",29174,"Kêriadenn","Ar Gozhkêr Vihan",23/10/2007,78117
,"Kereon Creis","Ploneour-Lanwern",29174,"Kêriadenn","Kereon Greiz",23/10/2007,78004
,"Kanol Lanvern","Ploneour-Lanwern",29174,"Dour","Kanol Lanwern",23/10/2007,91938
"La","Tour Vian","Ploneour-Lanwern",29174,"Kêriadenn","An Tour Bihan",23/10/2007,78173
,"Trelen","Ploneour-Lanwern",29174,"Kêriadenn","Trelenn",23/10/2007,78016
,"Kermorvan Nevez","Ploneour-Lanwern",29174,"Kêriadenn","Kervorvan Nevez",23/10/2007,77985
,"Ty Coat","Ploneour-Lanwern",29174,"Kêriadenn","Ti Koad",23/10/2007,77998
,"Maner Kerhastel","Ploneour-Lanwern",29174,"Kêriadenn","Maner Kerc'hastell",23/10/2007,91896
,"Poull Penscouric","Ploneour-Lanwern",29174,"Monumant","Poull Penskourrig",23/10/2007,91973
,"Keroec Vian","Ploneour-Lanwern",29174,"Kêriadenn","Kerroeg Vihan",23/10/2007,77988
,"Lec'hren","Ploneour-Lanwern",29174,"Kêriadenn","Lec'hrenn",23/10/2007,66548
,"Kerbilaet","Ploneour-Lanwern",29174,"Kêriadenn","Kerbilaed",23/10/2007,78018
,"Hent ar Mejoù","Ploneour-Lanwern",29174,"Hent","Hent ar Mejoù",23/10/2007,91954
,"Kerliver","Ploneour-Lanwern",29174,"Kêriadenn","Kerliver",23/10/2007,78176
,"Carnguillermic","Ploneour-Lanwern",29174,"Kêriadenn","Karngwilhermig",23/10/2007,66398
,"Feunteun Kersquedel","Ploneour-Lanwern",29174,"Monumant","Feunteun Kerskedel",23/10/2007,91917
,"Kericun","Ploneour-Lanwern",29174,"Kêriadenn","Kerikun",23/10/2007,66472
,"Brec'houel Vian","Ploneour-Lanwern",29174,"Kêriadenn","Brec'houel Vihan",23/10/2007,78012
,"Pennalen","Ploneour-Lanwern",29174,"Kêriadenn","Pennalenn",23/10/2007,66578
,"Creac'h Calvic","Ploneour-Lanwern",29174,"Kêriadenn","Krec'h Kalvig",23/10/2007,66406
,"Penhoet","Ploneour-Lanwern",29174,"Kêriadenn","Penc'hoed",23/10/2007,78139
,"Tréordo izella","Ploneour-Lanwern",29174,"Kêriadenn","Treordo Izelañ",23/10/2007,92006
,"Kervrouyen Vras","Ploneour-Lanwern",29174,"Kêriadenn","Kervrouien Vras",23/10/2007,91928
"Le","Moulin d'Hascoët","Ploneour-Lanwern",29174,"Kêriadenn","Meilh Haskoed",23/10/2007,66574
,"Kerguien","Ploneour-Lanwern",29174,"Kêriadenn","Kergien",23/10/2007,66464
,"Kervescar","Ploneour-Lanwern",29174,"Kêriadenn","Kerveskar",23/10/2007,66528
,"Ar Prefektur","Ploneour-Lanwern",29174,"Kêriadenn","Ar Prefektur",23/10/2007,91983
,"Kerfeulest","Ploneour-Lanwern",29174,"Kêriadenn","Kerfeulez",23/10/2007,66442
"Chemin de","Menez Gouyen","Ploneour-Lanwern",29174,"Hent","Hent Menez Gouien",23/10/2007,66568
"Impasse de","Croas ar Bleon","Ploneour-Lanwern",29174,"Hent","Hent-dall Kroez ar Bleuñv",02/09/2013,82204
,"Ti Yann Taol Mailh","Ploneour-Lanwern",29174,"Kêriadenn","Ti Yann Taol Mailh",23/10/2007,92010
,"Maner Pennalen","Ploneour-Lanwern",29174,"Kêriadenn","Maner Pennalenn",23/10/2007,91971
,"Roscoz Braz","Ploneour-Lanwern",29174,"Kêriadenn","Roskozh Vras",23/10/2007,78162
,"Kersauz","Ploneour-Lanwern",29174,"Kêriadenn","Kersaoz",23/10/2007,77917
,"Creniat","Ploneour-Lanwern",29174,"Kêriadenn","Ar C'hreniad",23/10/2007,66414
,"Lespern","Ploneour-Lanwern",29174,"Kêriadenn","Lespern",23/10/2007,66558
,"Kerhastel","Ploneour-Lanwern",29174,"Kêriadenn","Kerc'hastell",23/10/2007,77918
,"Poull Boderes","Ploneour-Lanwern",29174,"Monumant","Poull ar Boderezh",23/10/2007,91861
,"Kerniou-Vras","Ploneour-Lanwern",29174,"Kêriadenn","Kerniou Vras",23/10/2007,91910
,"Croas ar Bleon","Ploneour-Lanwern",29174,"Hent","Kroez ar Bleuñv",23/10/2007,91870
,"Kerambludou","Ploneour-Lanwern",29174,"Kêriadenn","Kerambludoù",23/10/2007,66430
,"Feunteun Penscouric","Ploneour-Lanwern",29174,"Monumant","Feunteun Penskourrig",23/10/2007,91972
,"Kerlan Vian","Ploneour-Lanwern",29174,"Kêriadenn","Kerlann Vihan",23/10/2007,78000
"Chapelle de la","Bonne Nouvelle","Ploneour-Lanwern",29174,"Monumant","Chapel Keloù Mat",23/10/2007,91862
,"Penquer Bihan","Ploneour-Lanwern",29174,"Kêriadenn","Penkêr Bihan",23/10/2007,78152
,"Kersonnard","Ploneour-Lanwern",29174,"Kêriadenn","Kerzonar",23/10/2007,66512
,"Menez Boutin","Ploneour-Lanwern",29174,"Kêriadenn","Menez Boutin",23/10/2007,82252
,"Kergroas","Ploneour-Lanwern",29174,"Kêriadenn","Kergroez",23/10/2007,78251
,"Kervilloc Vras","Ploneour-Lanwern",29174,"Kêriadenn","Kervillog Vras",23/10/2007,77928
"Le","Ruot","Ploneour-Lanwern",29174,"Kêriadenn","Ar Ruod",23/10/2007,66588
,"Kergambae Dour","Ploneour-Lanwern",29174,"Kêriadenn","Kergambae an Dour",23/10/2007,78106
,"Kersulec Creïs","Ploneour-Lanwern",29174,"Kêriadenn","Kersuleg Greiz",23/10/2007,91920
,"Guernevez","Ploneour-Lanwern",29174,"Kêriadenn","Ar Gernevez",23/10/2007,78244
,"Kerdaniel","Ploneour-Lanwern",29174,"Kêriadenn","Kerdeniel",23/10/2007,78249
"Route de","Tréguennec","Ploneour-Lanwern",29174,"Hent","Hent Tregeneg",23/10/2007,92003
,"An Otel Gog","Ploneour-Lanwern",29174,"Kêriadenn","An Otel Gog",23/10/2007,91964
,"Traon ar Waremm","Ploneour-Lanwern",29174,"Kêriadenn","Traoñ ar Waremm",23/10/2007,92001
"Moulin de","Callac","Ploneour-Lanwern",29174,"Kêriadenn","Meilh ar C'halleg",23/10/2007,78109
,"Ty Bihan","Ploneour-Lanwern",29174,"Kêriadenn","Ti Bihan",23/10/2007,82232
,"Maner an Tour","Ploneour-Lanwern",29174,"Kêriadenn","Maner an Tour",23/10/2007,91999
,"Poull Kervescar","Ploneour-Lanwern",29174,"Monumant","Poull Kerveskar",23/10/2007,91923
,"Kerraoul","Ploneour-Lanwern",29174,"Kêriadenn","Kerraoul",23/10/2007,78110
,"Laezenn Meilh Lan","Ploneour-Lanwern",29174,"Diseurt","Laezenn Meilh Lann",23/10/2007,91929
,"Kerascoet","Ploneour-Lanwern",29174,"Kêriadenn","Keraskoed",23/10/2007,78157
,"Goachou","Ploneour-Lanwern",29174,"Kêriadenn","Gwachoù",23/10/2007,82236
,"Kerleac'h","Ploneour-Lanwern",29174,"Kêriadenn","Kerlec'h",23/10/2007,78163
,"Viloury Kerhuel","Ploneour-Lanwern",29174,"Kêriadenn","Ar Vilouri Keruhel",23/10/2007,78120
,"Pen ar Prat Nevez","Ploneour-Lanwern",29174,"Kêriadenn","Penn ar Prad Nevez",23/10/2007,77980
,"Koed Keravel","Ploneour-Lanwern",29174,"Kêriadenn","Koed Keravel",23/10/2007,91882
,"Feunteun ar Maner Bihan","Ploneour-Lanwern",29174,"Monumant","Feunteun ar Maner Bihan",23/10/2007,91948
,"Mine Lannou","Ploneour-Lanwern",29174,"Kêriadenn","Mine Lannoù",23/10/2007,78271
,"Keriforn","Ploneour-Lanwern",29174,"Kêriadenn","Keriforn",23/10/2007,77981
,"Kervouyen","Ploneour-Lanwern",29174,"Kêriadenn","Kervouien",23/10/2007,91924
,"Meil Frout","Ploneour-Lanwern",29174,"Kêriadenn","Meilh Froud",23/10/2007,78265
,"Kergueff","Ploneour-Lanwern",29174,"Kêriadenn","Kergef",23/10/2007,66460
,"Kervallot","Ploneour-Lanwern",29174,"Kêriadenn","Kervalod",23/10/2007,66520
"La","Croix","Ploneour-Lanwern",29174,"Kêriadenn","Ar Groez",23/10/2007,78240
,"Kereon Vian","Ploneour-Lanwern",29174,"Kêriadenn","Kereon Vihan",23/10/2007,78006
,"Kanol Meilh Bondivi","Ploneour-Lanwern",29174,"Dour","Kanol Meilh Bondivi",23/10/2007,91957
,"Treluan Vian","Ploneour-Lanwern",29174,"Kêriadenn","Treluan Vihan",23/10/2007,77921
,"Ty Névez","Ploneour-Lanwern",29174,"Kêriadenn","Ti Nevez",23/10/2007,92008
,"Maner Kerhua","Ploneour-Lanwern",29174,"Kêriadenn","Maner Keruha",23/10/2007,91898
,"Poull Sant Eneour","Ploneour-Lanwern",29174,"Monumant","Poull Sant Eneour",23/10/2007,91994
,"Kerrolland Vian","Ploneour-Lanwern",29174,"Kêriadenn","Kerrolant Vihan",23/10/2007,78022
,"Boderes","Ploneour-Lanwern",29174,"Kêriadenn","Ar Boderezh",23/10/2007,78167
,"Lesbervet","Ploneour-Lanwern",29174,"Kêriadenn","Lesberved",23/10/2007,66552
,"Kerbloas","Ploneour-Lanwern",29174,"Kêriadenn","Kerbloaz",23/10/2007,66434
,"Hent Kerruc","Ploneour-Lanwern",29174,"Hent","Hent Kerrug",23/10/2007,91913
,"Kerloyet","Ploneour-Lanwern",29174,"Kêriadenn","Kerloied",23/10/2007,66486
,"Créac'h Mabon","Ploneour-Lanwern",29174,"Kêriadenn","Krec'h Mabon",23/10/2007,66412
,"Quelordan","Ploneour-Lanwern",29174,"Kêriadenn","Kelordan",23/10/2007,66586
,"Feunteun Creac'h Ru","Ploneour-Lanwern",29174,"Monumant","Feunteun Krec'h Ruz",23/10/2007,91866
,"Keristic","Ploneour-Lanwern",29174,"Kêriadenn","Keristig",23/10/2007,78101
,"Brenanvec Coz","Ploneour-Lanwern",29174,"Kêriadenn","Brenañveg Kozh",23/10/2007,77993
,"Pennarue","Ploneour-Lanwern",29174,"Kêriadenn","Pennaru",23/10/2007,66580
,"Penfrat Coz","Ploneour-Lanwern",29174,"Kêriadenn","Penfrad Kozh",23/10/2007,78145
,"Treordo Nevez","Ploneour-Lanwern",29174,"Kêriadenn","Treordo Nevez",23/10/2007,78230
,"Kerven","Ploneour-Lanwern",29174,"Kêriadenn","Kerwenn",23/10/2007,82207
"Moulin du","Lan","Ploneour-Lanwern",29174,"Kêriadenn","Meilh Lann",23/10/2007,82253
,"Kergonda","Ploneour-Lanwern",29174,"Kêriadenn","Kergonda",23/10/2007,66452
,"Kermeur","Ploneour-Lanwern",29174,"Kêriadenn","Kerveur",23/10/2007,82247
,"Rest Nevez","Ploneour-Lanwern",29174,"Kêriadenn","Ar Rest Nevez",23/10/2007,91986
,"Kerfloc'h","Ploneour-Lanwern",29174,"Kêriadenn","Kerfloc'h",23/10/2007,77920
,"Kerhoat","Ploneour-Lanwern",29174,"Kêriadenn","Kerc'hoed",23/10/2007,78125
"Route de","Plonéour","Ploneour-Lanwern",29174,"Hent","Hent Ploneour",23/10/2007,91977
"Le","Leuret","Ploneour-Lanwern",29174,"Kêriadenn","Al Leure",23/10/2007,66564
,"Ty er Poes","Ploneour-Lanwern",29174,"Kêriadenn","Tier Poezh",23/10/2007,78293
,"Maner Roscoz","Ploneour-Lanwern",29174,"Kêriadenn","Maner Roskozh",23/10/2007,91987
,"Saint Julien","Ploneour-Lanwern",29174,"Kêriadenn","Sant Julien",23/10/2007,77997
,"Kersquedel","Ploneour-Lanwern",29174,"Kêriadenn","Kerskedel",23/10/2007,78170
,"Creniat Vian","Ploneour-Lanwern",29174,"Kêriadenn","Ar C'hreniad Vihan",23/10/2007,78132
,"Lestréguéoc","Ploneour-Lanwern",29174,"Kêriadenn","Lestregeog",23/10/2007,66560
,"Poull ar Roz","Ploneour-Lanwern",29174,"Monumant","Poull ar Roz",23/10/2007,91990
,"Keroret","Ploneour-Lanwern",29174,"Kêriadenn","Kerored",23/10/2007,66498
,"Croascaer","Ploneour-Lanwern",29174,"Kêriadenn","Kroez Kaer",23/10/2007,78239
,"Kerambludou Vras","Ploneour-Lanwern",29174,"Kêriadenn","Kerambludoù Vras",23/10/2007,91879
"Fontaine","Saint-Philibert","Ploneour-Lanwern",29174,"Monumant","Feunteun Sant Filiber",23/10/2007,91554
,"Kerlaouédec","Ploneour-Lanwern",29174,"Kêriadenn","Kerlaouedeg",23/10/2007,66480
,"Penquer Nevez","Ploneour-Lanwern",29174,"Kêriadenn","Penkêr Nevez",23/10/2007,78154
,"Kersonis Vihan","Ploneour-Lanwern",29174,"Kêriadenn","Kerzoniz Vihan",23/10/2007,78025
"Chapelle de","Lanvern","Ploneour-Lanwern",29174,"Monumant","Chapel Lanwern",23/10/2007,91935
,"Mine Yeun","Ploneour-Lanwern",29174,"Kêriadenn","Menez Yeun",23/10/2007,78027
,"Kerhaen","Ploneour-Lanwern",29174,"Kêriadenn","Kerhaen",23/10/2007,78253
,"Kervoelan Vian","Ploneour-Lanwern",29174,"Kêriadenn","Kervoelan Vihan",23/10/2007,77996
,"Moulin Brulé","Ploneour-Lanwern",29174,"Kêriadenn","Ar Veilh Boezh",23/10/2007,91956
,"Kergambae Vihan","Ploneour-Lanwern",29174,"Kêriadenn","Kergambae Vihan",23/10/2007,78107
,"Kerhua","Ploneour-Lanwern",29174,"Kêriadenn","Keruha",23/10/2007,66468
"Le","Guib","Ploneour-Lanwern",29174,"Kêriadenn","Ar Gib",23/10/2007,66422
,"Kerdrezec","Ploneour-Lanwern",29174,"Kêriadenn","Kerdrezeg",23/10/2007,78250
,"Canapé","Ploneour-Lanwern",29174,"Kêriadenn","Kanape",23/10/2007,77991
,"Taroziou","Ploneour-Lanwern",29174,"Kêriadenn","An Tarrodoù",23/10/2007,78289
,"Trébonvel","Ploneour-Lanwern",29174,"Kêriadenn","Trebonvael",23/10/2007,66590
"Le","Moulin de Bondivy","Ploneour-Lanwern",29174,"Kêriadenn","Meilh Bondivi",23/10/2007,66572
,"Ty Garde Kerhuel","Ploneour-Lanwern",29174,"Kêriadenn","Ti Gard Keruhel",23/10/2007,78294
,"Maner Bihan","Ploneour-Lanwern",29174,"Kêriadenn","Maner Bihan",23/10/2007,78261
,"Poull Languivoa","Ploneour-Lanwern",29174,"Monumant","Poull Langiwa",23/10/2007,91934
,"Keriou","Ploneour-Lanwern",29174,"Kêriadenn","Kerriou",23/10/2007,82244
,"Lanluriec","Ploneour-Lanwern",29174,"Kêriadenn","Lanlurieg",23/10/2007,78260
,"Keravel Izelañ","Ploneour-Lanwern",29174,"Kêriadenn","Keravel Izelañ",23/10/2007,91881
"Le","Helles","Ploneour-Lanwern",29174,"Kêriadenn","Hellez",23/10/2007,78013
,"Kerleac'h Vian","Ploneour-Lanwern",29174,"Kêriadenn","Kerlec'h Vihan",23/10/2007,78165
,"Kerignon","Ploneour-Lanwern",29174,"Kêriadenn","Kerignon",23/10/2007,66476
,"Balanou","Ploneour-Lanwern",29174,"Kêriadenn","Balanoù",23/10/2007,78231
,"Penanguer","Ploneour-Lanwern",29174,"Kêriadenn","Pennagêr",23/10/2007,78147
,"Coetmeur","Ploneour-Lanwern",29174,"Rann (eus ar gumun)","Koed Meur",23/10/2007,82235
,"Feunteun Keloù Mat","Ploneour-Lanwern",29174,"Monumant","Feunteun Keloù Mat",23/10/2007,91863
,"Trémillec","Ploneour-Lanwern",29174,"Kêriadenn","Tremilieg",01/03/2009,66598
,"Kervrouyen Gozh","Ploneour-Lanwern",29174,"Kêriadenn","Kervrouien Gozh",23/10/2007,91926
"Moulin de","Kerhastel","Ploneour-Lanwern",29174,"Kêriadenn","Meilh Gerc'hastell",23/10/2007,91897
,"Kergueff Uhelañ","Ploneour-Lanwern",29174,"Kêriadenn","Kergef Uhelañ",23/10/2007,91893
,"Kervelen","Ploneour-Lanwern",29174,"Kêriadenn","Kervelen",23/10/2007,66524
"Le","Miné","Ploneour-Lanwern",29174,"Kêriadenn","Ar Mine",23/10/2007,66570
,"Kerescant","Ploneour-Lanwern",29174,"Kêriadenn","Kereskant",23/10/2007,78103
"Rivière de","Pont-l'-Abbé","Ploneour-Lanwern",29174,"Dour","Kanol Pont-'n-Abad",23/10/2007,91859
,"Moitié Route","Ploneour-Lanwern",29174,"Kêriadenn","Moitié Route",23/10/2007,78273
,"Ty Pin","Ploneour-Lanwern",29174,"Kêriadenn","Ti Pin",23/10/2007,82257
,"Maner Kersonnard","Ploneour-Lanwern",29174,"Diseurt","Maner Kerzonar",23/10/2007,91916
,"Rest Treouron","Ploneour-Lanwern",29174,"Kêriadenn","Rest Treouron",23/10/2007,78135
,"Kerruc Dalaë","Ploneour-Lanwern",29174,"Kêriadenn","Kerrug d'al Lae",23/10/2007,91911
,"Clos","Ploneour-Lanwern",29174,"Kêriadenn","Ar C'hloz",23/10/2007,78235
,"Lescoulouarn","Ploneour-Lanwern",29174,"Kêriadenn","Leskoulouarn",23/10/2007,66554
,"Kerprigent","Ploneour-Lanwern",29174,"Kêriadenn","Kerbrijant",23/10/2007,78112
,"Hent Lanvern","Ploneour-Lanwern",29174,"Hent","Hent Lanwern",23/10/2007,91937
,"Créacharom","Ploneour-Lanwern",29174,"Kêriadenn","Krec'harom",23/10/2007,66404
,"Ker Languiric","Ploneour-Lanwern",29174,"Kêriadenn","Ker Langirig",23/10/2007,78247
,"Feunteun Lanvern","Ploneour-Lanwern",29174,"Monumant","Feunteun Lanwern",23/10/2007,91936
,"Kerjauffry","Ploneour-Lanwern",29174,"Kêriadenn","Kerjafrez",23/10/2007,82245
,"Brenanvec Vian","Ploneour-Lanwern",29174,"Kêriadenn","Brenañveg Vihan",23/10/2007,77995
,"Penscouric","Ploneour-Lanwern",29174,"Kêriadenn","Penskourrig",23/10/2007,66582
,"Kerneizan","Ploneour-Lanwern",29174,"Kêriadenn","Kerneizan",23/10/2007,66490
,"Penfrat Bian","Ploneour-Lanwern",29174,"Kêriadenn","Penfrad Vihan",23/10/2007,78144
,"Treouron","Ploneour-Lanwern",29174,"Kêriadenn","Treouron",23/10/2007,66602
,"Kersegas","Ploneour-Lanwern",29174,"Kêriadenn","Kerzegas",23/10/2007,82206
,"Méjou Roz","Ploneour-Lanwern",29174,"Kêriadenn","Mejoù Roz",23/10/2007,77972
,"Kergorn","Ploneour-Lanwern",29174,"Kêriadenn","Kergorn",23/10/2007,78130
,"Kerviligou","Ploneour-Lanwern",29174,"Kêriadenn","Kerviligou",23/10/2007,66530
"Le","Roz","Ploneour-Lanwern",29174,"Kêriadenn","Ar Roz",23/10/2007,78286
,"Kerfoulard Nevez","Ploneour-Lanwern",29174,"Kêriadenn","Kerfoular Nevez",23/10/2007,78081
,"Creniat Yeun","Ploneour-Lanwern",29174,"Kêriadenn","Ar C'hreniad Yeun",23/10/2007,78140
,"Kerdalem Vihan","Ploneour-Lanwern",29174,"Kêriadenn","Kerdalem Vihan",23/10/2007,91883
"Route de","Saint Jean","Ploneour-Lanwern",29174,"Hent","Hent Sant Yann",23/10/2007,91995
,"An Estreved Poulloù","Ploneour-Lanwern",29174,"Hent","An Estreved Poulloù",23/10/2007,91873
,"Toull-dour ar Veilh Nevez","Ploneour-Lanwern",29174,"Dour","Toull-dour ar Veilh Nevez",23/10/2007,91962
"Manoir de","Treouron","Ploneour-Lanwern",29174,"Kêriadenn","Maner Treouron",23/10/2007,78263
,"Stang ar Rozen","Ploneour-Lanwern",29174,"Kêriadenn","Stank ar Rozenn",23/10/2007,78287
,"Kerstephane","Ploneour-Lanwern",29174,"Kêriadenn","Kersteven",23/10/2007,78258
,"Loc'h ar Stang","Ploneour-Lanwern",29174,"Dour","Loc'h ar Stank",23/10/2007,91996
,"Poull Kergonian","Ploneour-Lanwern",29174,"Monumant","Poull Kergonian",23/10/2007,91891
,"Keroulé","Ploneour-Lanwern",29174,"Kêriadenn","Keroule",23/10/2007,66500
,"Kroez Lescoulouarn","Ploneour-Lanwern",29174,"Monumant","Kroez Leskoulouarn",23/10/2007,91944
,"Kerandraon","Ploneour-Lanwern",29174,"Kêriadenn","Kerandraon",23/10/2007,78030
,"Feunteun Sant Vodé","Ploneour-Lanwern",29174,"Monumant","Feunteun Sant Vaodez",23/10/2007,82208
,"Kerläouédec Bian","Ploneour-Lanwern",29174,"Kêriadenn","Kerlaouedeg Vihan",23/10/2007,91907
"Le","Veuz","Ploneour-Lanwern",29174,"Kêriadenn","Ar Veuz",23/10/2007,66606
,"Languivoa","Ploneour-Lanwern",29174,"Kêriadenn","Langiwa",26/11/2001,6036
,"Pen ar Pont","Ploneour-Lanwern",29174,"Kêriadenn","Penn ar Pont",23/10/2007,77977
,"Coat Guéguen","Ploneour-Lanwern",29174,"Kêriadenn","Koad Gwegen",23/10/2007,66402
,"Fao Glaz","Ploneour-Lanwern",29174,"Kêriadenn","Fao C'hlas",23/10/2007,78111
,"Mine Glaz","Ploneour-Lanwern",29174,"Kêriadenn","Mine Glas",23/10/2007,78269
,"Keribic","Ploneour-Lanwern",29174,"Kêriadenn","Keribig",23/10/2007,66470
,"Kermorvan Coz","Ploneour-Lanwern",29174,"Kêriadenn","Kervorvan Gozh",23/10/2007,77984
"Moulin de","Trémillec","Ploneour-Lanwern",29174,"Kêriadenn","Meilh Dremilieg",23/10/2007,78099
,"Kerganet","Ploneour-Lanwern",29174,"Kêriadenn","Kerganed",23/10/2007,66448
,"Kerhua Vian","Ploneour-Lanwern",29174,"Kêriadenn","Keruha Vihan",23/10/2007,78134
"Le","Cosquer Nevez","Ploneour-Lanwern",29174,"Kêriadenn","Ar Gozhkêr Nevez",23/10/2007,78116
,"Kereon d'Alae","Ploneour-Lanwern",29174,"Kêriadenn","Kereon d'al Lae",23/10/2007,78005
,"Kanol Kerguivian","Ploneour-Lanwern",29174,"Dour","Kanol Kergivian",23/10/2007,91895
"La","Tour","Ploneour-Lanwern",29174,"Kêriadenn","An Tour",23/10/2007,78172
,"Trégonda","Ploneour-Lanwern",29174,"Kêriadenn","Tregonda",23/10/2007,66594
,"Ty Kerganet","Ploneour-Lanwern",29174,"Kêriadenn","Ti Kerganed",23/10/2007,78295
,"Maner Quelordan","Ploneour-Lanwern",29174,"Kêriadenn","Maner Kelordan",23/10/2007,91985
,"Poull Mariano","Ploneour-Lanwern",29174,"Monumant","Poull Mariano",23/10/2007,91953
,"Keroec","Ploneour-Lanwern",29174,"Kêriadenn","Kerroeg",23/10/2007,66496
,"Léac'h-Durand","Ploneour-Lanwern",29174,"Kêriadenn","Lec'h Durant",23/10/2007,66546
,"Kerbenoc'h","Ploneour-Lanwern",29174,"Kêriadenn","Kerbennoc'h",23/10/2007,66432
,"Hent Boderes","Ploneour-Lanwern",29174,"Hent","Hent ar Boderezh",23/10/2007,91860
,"Kerlenesq","Ploneour-Lanwern",29174,"Kêriadenn","Kerlennesk",23/10/2007,66488
,"Feunteun Keriequel","Ploneour-Lanwern",29174,"Monumant","Feunteun Keriekel",23/10/2007,91901
,"Kerignon bras","Ploneour-Lanwern",29174,"Kêriadenn","Kerignon Vras",23/10/2007,91905
,"Brec'houel","Ploneour-Lanwern",29174,"Kêriadenn","Brec'houel",23/10/2007,66384
,"Penale","Ploneour-Lanwern",29174,"Kêriadenn","Pennale",23/10/2007,78277
,"Créac'h Irvin","Ploneour-Lanwern",29174,"Kêriadenn","Krec'h Irvin",23/10/2007,66410
,"Impasse de Penhoad","Ploneour-Lanwern",29174,"Hent","Penc'hoad",23/10/2007,91969
,"Tréordo bian","Ploneour-Lanwern",29174,"Kêriadenn","Treordo Bihan",23/10/2007,92004
,"Kervrouyen Vihan","Ploneour-Lanwern",29174,"Kêriadenn","Kervrouien Vihan",23/10/2007,91927
"Moulin de","Kerignon","Ploneour-Lanwern",29174,"Kêriadenn","Meilh Gerignon",23/10/2007,91903
,"Kerguellou Vian","Ploneour-Lanwern",29174,"Kêriadenn","Kergellou Vihan",23/10/2007,78158
,"Kervern","Ploneour-Lanwern",29174,"Kêriadenn","Kervern",23/10/2007,78009
,"Ar Poul Bian","Ploneour-Lanwern",29174,"Monumant","Ar Poull Bihan",23/10/2007,91981
,"Kerfelest Vian","Ploneour-Lanwern",29174,"Kêriadenn","Kerfelez Vihan",23/10/2007,77974
,"Ty-Roux","Ploneour-Lanwern",29174,"Kêriadenn","Ti Rouz",23/10/2007,92009
,"Maner Lescoulouarn","Ploneour-Lanwern",29174,"Kêriadenn","Maner Leskoulouarn",23/10/2007,91945
,"Roscoz Bihan","Ploneour-Lanwern",29174,"Kêriadenn","Roskozh Vihan",23/10/2007,78161
,"Kersalous","Ploneour-Lanwern",29174,"Kêriadenn","Kersalouz",09/10/2012,66504
,"Cosmaner Nevez","Ploneour-Lanwern",29174,"Kêriadenn","Ar C'hozhvaner Nevez",23/10/2007,78128
,"Lespenhy Vian","Ploneour-Lanwern",29174,"Kêriadenn","Lespenc'hi Vihan",23/10/2007,78149
,"Kerbrohen","Ploneour-Lanwern",29174,"Kêriadenn","Kerbroc'hen",23/10/2007,66436
"Rue de","Mariano","Ploneour-Lanwern",29174,"Hent","Hent Mariano",23/10/2007,78264
,"Poull al Loc'h","Ploneour-Lanwern",29174,"Monumant","Poull al Loc'h",23/10/2007,91997
,"Kerniou Vian","Ploneour-Lanwern",29174,"Kêriadenn","Kerniou Vihan",23/10/2007,78142
,"Croas ar Mine","Ploneour-Lanwern",29174,"Monumant","Kroaz ar Mine",23/10/2007,78238
,"Kerallan","Ploneour-Lanwern",29174,"Kêriadenn","Keralann",23/10/2007,66428
,"Feunteun Mariano","Ploneour-Lanwern",29174,"Monumant","Feunteun Mariano",23/10/2007,91952
,"Kerlan","Ploneour-Lanwern",29174,"Kêriadenn","Kerlann",23/10/2007,77999
,"Briscoul","Ploneour-Lanwern",29174,"Kêriadenn","Briskoul",23/10/2007,66396
,"Penquer","Ploneour-Lanwern",29174,"Kêriadenn","Penkêr",23/10/2007,78151
,"Kerseurec Vihan","Ploneour-Lanwern",29174,"Kêriadenn","Kerzeureg Vihan",23/10/2007,78217
,"Menez Bian","Ploneour-Lanwern",29174,"Kêriadenn","Menez Bihan",23/10/2007,78266
,"Kergoulouarn","Ploneour-Lanwern",29174,"Kêriadenn","Kergoulouarn",23/10/2007,66458
,"Kervilloc Vian","Ploneour-Lanwern",29174,"Kêriadenn","Kervillog Vras",23/10/2007,77927
,"Runevez Bian","Ploneour-Lanwern",29174,"Kêriadenn","Ar Ru Nevez Vihan",23/10/2007,78008
,"Kergambae","Ploneour-Lanwern",29174,"Kêriadenn","Kergambae",23/10/2007,78105
,"Kersulec dalaé","Ploneour-Lanwern",29174,"Kêriadenn","Kersuleg d'al Lae",23/10/2007,91921
"Le","Guenvez","Ploneour-Lanwern",29174,"Kêriadenn","Ar Genvez",23/10/2007,66420
,"Kertanneau","Ploneour-Lanwern",29174,"Kêriadenn","Kerdano",23/10/2007,78259
"Route de","Tréogat","Ploneour-Lanwern",29174,"Hent","Hent Trêgad",23/10/2007,92002
,"An Otel Bihan","Ploneour-Lanwern",29174,"Kêriadenn","An Otel Bihan",23/10/2007,91965
,"Traon ar Veuz","Ploneour-Lanwern",29174,"Kêriadenn","Traoñ ar Veuz",23/10/2007,92000
,"Mariano","Ploneour-Lanwern",29174,"Karter","Mariano",23/10/2007,91951
,"Maesamoez","Ploneour-Lanwern",29174,"Kêriadenn","Maezamoez",23/10/2007,82251
,"Poull Kersquedel","Ploneour-Lanwern",29174,"Monumant","Poull Kerskedel",23/10/2007,91918
,"Keraden","Ploneour-Lanwern",29174,"Kêriadenn","Kerraden",23/10/2007,66426
,"Laezenn ar Plukator","Ploneour-Lanwern",29174,"Diseurt","Laezenn ar Plukator",23/10/2007,91979
,"Kerangars","Ploneour-Lanwern",29174,"Kêriadenn","Kerarc'harzh",23/10/2007,82238
,"Gore Kerhua","Ploneour-Lanwern",29174,"Kêriadenn","Gorre Keruha",23/10/2007,82205
,"Kerlavar","Ploneour-Lanwern",29174,"Kêriadenn","Kerlavar",23/10/2007,78254
,"Ty Warem","Ploneour-Lanwern",29174,"Kêriadenn","Ti ar Waremm",23/10/2007,78298
,"Viloury Caoudal","Ploneour-Lanwern",29174,"Kêriadenn","Ar Vilouri Gaoudal",23/10/2007,78114
"Rue","Charles le Goffic","Ploneour-Lanwern",29174,"Hent","Straed Charlez ar Govig",21/11/2011,124560
,"Pen ar Prat Coz","Ploneour-Lanwern",29174,"Kêriadenn","Penn ar Prad Kozh",23/10/2007,91968
,"Coatellen","Ploneour-Lanwern",29174,"Kêriadenn","Koatelen",23/10/2007,66400
,"Fao Youen","Ploneour-Lanwern",29174,"Kêriadenn","Fao Youenn",23/10/2007,66418
,"Mine Languric","Ploneour-Lanwern",29174,"Kêriadenn","Mine Langirig",23/10/2007,78270
,"Keriel","Ploneour-Lanwern",29174,"Kêriadenn","Keriell",23/10/2007,91900
,"Kermorvan Vian","Ploneour-Lanwern",29174,"Kêriadenn","Kervorvan Vihan",23/10/2007,77986
"Moulin du","Fao","Ploneour-Lanwern",29174,"Kêriadenn","Meilh Fao",23/10/2007,78100
,"Kergaviny","Ploneour-Lanwern",29174,"Kêriadenn","Kergavini",23/10/2007,66450
,"Kervahut","Ploneour-Lanwern",29174,"Kêriadenn","Kervahu",23/10/2007,66518
,"Cosquer Vras","Ploneour-Lanwern",29174,"Kêriadenn","Ar Gozhkêr Vras",23/10/2007,78118
,"Kereon Izelañ","Ploneour-Lanwern",29174,"Kêriadenn","Kereon Izelañ",23/10/2007,91885
,"Kanol Lescoulouarn","Ploneour-Lanwern",29174,"Dour","Kanol Leskoulouarn",23/10/2007,91943
,"Treluan","Ploneour-Lanwern",29174,"Kêriadenn","Treluan",23/10/2007,66596
,"Ty Crohan","Ploneour-Lanwern",29174,"Kêriadenn","Ti Kroc'hen",23/10/2007,78291
,"Maner Kerneizan","Ploneour-Lanwern",29174,"Kêriadenn","Maner Kerneizan",23/10/2007,91909
,"Poull Pêr Gwreg","Ploneour-Lanwern",29174,"Monumant","Poull Pêr Gwreg",23/10/2007,91974
,"Kerrolland","Ploneour-Lanwern",29174,"Kêriadenn","Kerrolant",23/10/2007,78021
"La","Tour Vras","Ploneour-Lanwern",29174,"Kêriadenn","An Tour Bras",23/10/2007,78174
,"Lenn Meilh Bondivi","Ploneour-Lanwern",29174,"Dour","Lenn Meilh Bondivi",23/10/2007,91958
,"Kerbilaet Vian","Ploneour-Lanwern",29174,"Kêriadenn","Kerbilaed Vihan",23/10/2007,78019
"Route de","Quimper","Ploneour-Lanwern",29174,"Hent","Hent Kemper",23/10/2007,78283
,"Kerloazec","Ploneour-Lanwern",29174,"Kêriadenn","Kerloazeg",23/10/2007,66484
,"Carnoen","Ploneour-Lanwern",29174,"Kêriadenn","Karnoen",23/10/2007,78232
,"Feunteun Kervescar","Ploneour-Lanwern",29174,"Monumant","Feunteun Kerveskar",23/10/2007,91922
,"Kerimel","Ploneour-Lanwern",29174,"Kêriadenn","Kerimel",23/10/2007,82243
,"Brenanvec","Ploneour-Lanwern",29174,"Kêriadenn","Brenañveg",23/10/2007,66388
,"Penanroz","Ploneour-Lanwern",29174,"Kêriadenn","Pennaroz",23/10/2007,77919
,"Créac'h Carnic","Ploneour-Lanwern",29174,"Kêriadenn","Krec'h Karnig",23/10/2007,66408
,"Penfrat","Ploneour-Lanwern",29174,"Kêriadenn","Penfrad",23/10/2007,78143
,"Treordo Jegou","Ploneour-Lanwern",29174,"Kêriadenn","Treordo Jegou",23/10/2007,78229
,"Kervrouyen Ven","Ploneour-Lanwern",29174,"Kêriadenn","Kervrouien Wenn",23/10/2007,77929
"Moulin de","Kerbenoc'h","Ploneour-Lanwern",29174,"Kêriadenn","Meilh Kerbennoc'h",23/10/2007,78274
,"Kerguivian","Ploneour-Lanwern",29174,"Kêriadenn","Kergivian",23/10/2007,66466
,"Kervescar Vian","Ploneour-Lanwern",29174,"Kêriadenn","Kerveskar Vihan",23/10/2007,77923
,"Rest","Ploneour-Lanwern",29174,"Kêriadenn","Ar Rest",23/10/2007,78136
,"Kerfiat","Ploneour-Lanwern",29174,"Kêriadenn","Kerfiad",23/10/2007,66446
,"Kechas","Ploneour-Lanwern",29174,"Kêriadenn","Kerc'haz",23/10/2007,82239
"Route de","Plogastel","Ploneour-Lanwern",29174,"Hent","Hent Plogastell",23/10/2007,91975
"Rue","Croascaer","Ploneour-Lanwern",29174,"Hent","Hent Kroeskaer",02/09/2013,91871
,"Ty er Douar","Ploneour-Lanwern",29174,"Kêriadenn","Tier Douar",23/10/2007,78292
,"Maner Penisquin","Ploneour-Lanwern",29174,"Kêriadenn","Maner Penniskin",23/10/2007,91970
,"Rossilis","Ploneour-Lanwern",29174,"Diseurt","Roziliz",23/10/2007,91989
,"Kerscao","Ploneour-Lanwern",29174,"Kêriadenn","Kerskao",23/10/2007,78156
,"Creniat Ruvian","Ploneour-Lanwern",29174,"Kêriadenn","Ar C'hreniad Ruvien",23/10/2007,91868
,"Poull ar Maner Bihan","Ploneour-Lanwern",29174,"Monumant","Poull ar Maner Bihan",23/10/2007,91949
,"Kerniven","Ploneour-Lanwern",29174,"Kêriadenn","Kernivin",23/10/2007,66494
,"Croix-du-Méjou","Ploneour-Lanwern",29174,"Monumant","Kroez ar Mejoù",23/10/2007,82228
,"Kerambludou Vihan","Ploneour-Lanwern",29174,"Kêriadenn","Kerambludoù Vihan",23/10/2007,91878
,"Feunteun Sant Eneour","Ploneour-Lanwern",29174,"Monumant","Feunteun Sant Eneour",23/10/2007,91993
,"Kerlantonet","Ploneour-Lanwern",29174,"Kêriadenn","Kerlantoned",23/10/2007,78169
"Chapelle de","Languivoa","Ploneour-Lanwern",29174,"Monumant","Chapel Langiwa",23/10/2007,91931
,"Lestreganou","Ploneour-Lanwern",29174,"Kêriadenn","Lestregannou",23/10/2007,82250
,"Penquer Bras","Ploneour-Lanwern",29174,"Kêriadenn","Penkêr Bras",23/10/2007,78153
,"Kersonis","Ploneour-Lanwern",29174,"Kêriadenn","Kerzoniz",23/10/2007,66514
,"Menez Gouyen","Ploneour-Lanwern",29174,"Kêriadenn","Menez Gouien",23/10/2007,91955
,"Kerguen","Ploneour-Lanwern",29174,"Kêriadenn","Kergwenn",23/10/2007,78150
,"Kervoelan","Ploneour-Lanwern",29174,"Kêriadenn","Kervoelan",23/10/2007,66532
"Le","Stang","Ploneour-Lanwern",29174,"Kêriadenn","Ar Stank",23/10/2007,77973
,"Kersulec Bras","Ploneour-Lanwern",29174,"Kêriadenn","Kersuleg Vras",23/10/2007,91919
,"Guernevez Vian","Ploneour-Lanwern",29174,"Kêriadenn","Ar Gernevez Vihan",23/10/2007,78245
,"Kerdenaut","Ploneour-Lanwern",29174,"Kêriadenn","Kerdenod",23/10/2007,82240
"Route de","Tremeoc","Ploneour-Lanwern",29174,"Hent","Hent Tremeog",23/10/2007,78285
,"An Otel Jezuz","Ploneour-Lanwern",29174,"Monumant","An Otel Jezuz",23/10/2007,91966
,"Traoñ Meilh Lan","Ploneour-Lanwern",29174,"Kêriadenn","Traoñ Meilh Lann",23/10/2007,91930
"Moulin de la","Tour","Ploneour-Lanwern",29174,"Kêriadenn","Meilh ar Wrac'h",23/10/2007,78171
,"Kergambaë Kreis","Ploneour-Lanwern",29174,"Kêriadenn","Kergambae Greiz",23/10/2007,91888
,"Ty Bout","Ploneour-Lanwern",29174,"Kêriadenn","Ti Boud",23/10/2007,78290
,"Maner Bihan","Ploneour-Lanwern",29174,"Kêriadenn","Maner Bihan",23/10/2007,91947
,"Poull ar Creac'h Ru","Ploneour-Lanwern",29174,"Monumant","Poull Krec'h Ru",23/10/2007,91867
,"Kerrien","Ploneour-Lanwern",29174,"Kêriadenn","Kerrien",23/10/2007,78122
,"Langustans","Ploneour-Lanwern",29174,"Kêriadenn","Langustañs",23/10/2007,66542
,"Keravel","Ploneour-Lanwern",29174,"Kêriadenn","Keravel",23/10/2007,78026
"Le","Hellen","Ploneour-Lanwern",29174,"Kêriadenn","Hellann",23/10/2007,66424
,"Kerleac'h Traon","Ploneour-Lanwern",29174,"Kêriadenn","Kerlec'h an Traoñ",23/10/2007,78166
,"Goarem Coz","Ploneour-Lanwern",29174,"Kêriadenn","Ar Waremm Gozh",23/10/2007,78243
,"Plonéour-Lanvern","Ploneour-Lanwern",29174,"Kumun","Ploneour-Lanwern",04/01/1991,6949
"Ecole","Notre-Dame de Bon Secours","Ploneour-Lanwern",29174,"Monumant","Skol Itron-Varia Wir-Sikour",04/01/2012,124804
,"Pen Yeun","Ploneour-Lanwern",29174,"Kêriadenn","Penn Yeun",23/10/2007,78129
,"Koed Kergoulouarn","Ploneour-Lanwern",29174,"Koad","Koed Kergoulouarn",23/10/2007,91892
,"Feunteun ar Poul Bian","Ploneour-Lanwern",29174,"Monumant","Feunteun ar Poull Bihan",23/10/2007,91982
,"Minodic","Ploneour-Lanwern",29174,"Kêriadenn","Minodig",23/10/2007,78272
,"Keriforn Vian","Ploneour-Lanwern",29174,"Kêriadenn","Keriforn Vihan",23/10/2007,77982
,"Treluan Vras","Ploneour-Lanwern",29174,"Kêriadenn","Treluan Vras",23/10/2007,77922
,"Kervrouyen","Ploneour-Lanwern",29174,"Kêriadenn","Kervrouien",23/10/2007,66534
"Moulin de","Quélordan","Ploneour-Lanwern",29174,"Kêriadenn","Meilh Gelordan",23/10/2007,91984
,"Kergueff Izelañ","Ploneour-Lanwern",29174,"Kêriadenn","Kergef Izelañ",23/10/2007,91894
,"Kervant","Ploneour-Lanwern",29174,"Kêriadenn","Kervan",23/10/2007,66522
,"Ar Maner Kozh","Ploneour-Lanwern",29174,"Kêriadenn","Ar Maner Kozh",23/10/2007,91950
,"Keréonval","Ploneour-Lanwern",29174,"Kêriadenn","Kereonwel",23/10/2007,66438
,"Kanol Pont Iliz","Ploneour-Lanwern",29174,"Dour","Kanol Pont Iliz",23/10/2007,91875
,"Ty Nevez Callac","Ploneour-Lanwern",29174,"Kêriadenn","Ti Nevez Kalleg",23/10/2007,78296
"Manoir de","Kerhuel","Ploneour-Lanwern",29174,"Kêriadenn","Maner Keruhel",23/10/2007,78262
,"Pratoizec","Ploneour-Lanwern",29174,"Kêriadenn","Pradoazeg",23/10/2007,66584
,"Kerruc","Ploneour-Lanwern",29174,"Kêriadenn","Kerrug",23/10/2007,66502
,"Boderes Vian","Ploneour-Lanwern",29174,"Kêriadenn","Ar Boderezh Vihan",23/10/2007,78168
,"Lesbervé Huéla","Ploneour-Lanwern",29174,"Kêriadenn","Lesberved Uhelañ",23/10/2007,91940
,"Kerbreac'h","Ploneour-Lanwern",29174,"Kêriadenn","Kerbrec'h",23/10/2007,78017
,"Hent Languivoa","Ploneour-Lanwern",29174,"Hent","Hent Langiwa",23/10/2007,91933
,"Kernalec","Ploneour-Lanwern",29174,"Kêriadenn","Kernaleg",23/10/2007,78024
,"Créac'h Ru","Ploneour-Lanwern",29174,"Kêriadenn","Krec'h Ruz",23/10/2007,78131
,"Bonne Nouvelle","Ploneour-Lanwern",29174,"Kêriadenn","Keloù Mat",23/10/2007,82201
,"Feunteun Languivoa","Ploneour-Lanwern",29174,"Monumant","Feunteun Langiwa",23/10/2007,91932
,"Keristic Vian","Ploneour-Lanwern",29174,"Kêriadenn","Keristig Vihan",23/10/2007,78102
,"Brenanvec Nevez","Ploneour-Lanwern",29174,"Kêriadenn","Brenañveg Nevez",23/10/2007,77994
,"Pénisquin","Ploneour-Lanwern",29174,"Kêriadenn","Penniskin",23/10/2007,66576
,"Penfrat Nevez","Ploneour-Lanwern",29174,"Kêriadenn","Penfrad Nevez",23/10/2007,78146
,"Tréordo huella","Ploneour-Lanwern",29174,"Kêriadenn","Treordo Uhelañ",23/10/2007,92005
,"Keryan","Ploneour-Lanwern",29174,"Kêriadenn","Keryann",23/10/2007,77924
"Moulin de","Lanvern","Ploneour-Lanwern",29174,"Kêriadenn","Meilh Lanwern",23/10/2007,78275
,"Kergonian","Ploneour-Lanwern",29174,"Kêriadenn","Kergonian",23/10/2007,66454
,"Kermeurysac","Ploneour-Lanwern",29174,"Kêriadenn","Kerveurizag",23/10/2007,82248
,"Rest Vian","Ploneour-Lanwern",29174,"Kêriadenn","Ar Rest Vihan",23/10/2007,78138
,"Kerfoulard","Ploneour-Lanwern",29174,"Kêriadenn","Kerfoular",23/10/2007,78080
,"Creniat Vras","Ploneour-Lanwern",29174,"Kêriadenn","Ar C'hreniad Vras",23/10/2007,78133
,"Kerdalem","Ploneour-Lanwern",29174,"Kêriadenn","Kerdalem",23/10/2007,78124
"Route de","Pont l'Abbé","Ploneour-Lanwern",29174,"Hent","Hent Pont-'n-Abad",23/10/2007,78282
"L'","Hermitage","Ploneour-Lanwern",29174,"Kêriadenn","An Ermitaj",23/10/2007,78246
,"Toularcus","Ploneour-Lanwern",29174,"Kêriadenn","Toullarkuz",23/10/2007,78155
,"Maner Sant Julien","Ploneour-Lanwern",29174,"Kêriadenn","Maner Sant Julien",23/10/2007,91992
,"Stang ar Goulinet","Ploneour-Lanwern",29174,"Kêriadenn","Stank ar Goulined",23/10/2007,78020
,"Kerscoudou Kerscoudou","Ploneour-Lanwern",29174,"Kêriadenn","Kerskoudoù",23/10/2007,66506
,"Leurélez","Ploneour-Lanwern",29174,"Kêriadenn","Leurelez",23/10/2007,66562
,"Poull ar Vilouri Gaoudal","Ploneour-Lanwern",29174,"Monumant","Poull ar Vilouri Gaoudal",23/10/2007,92011
,"Keroret Vihan","Ploneour-Lanwern",29174,"Kêriadenn","Kerored Vihan",23/10/2007,78159
,"Croix Languivoa","Ploneour-Lanwern",29174,"Monumant","Kroez Langiwa",23/10/2007,78241
,"Kerandraon","Ploneour-Lanwern",29174,"Kêriadenn","Kerandraon",23/10/2007,78029
"Fontaine","Saint-Sébastien","Ploneour-Lanwern",29174,"Monumant","Feunteun Sant Sebastien",23/10/2007,82260
,"Kerläouédec Creïs","Ploneour-Lanwern",29174,"Kêriadenn","Kerlaouedeg Greiz",23/10/2007,91906
,"Penqueros","Ploneour-Lanwern",29174,"Kêriadenn","Penkêroz",23/10/2007,78279
,"Kersonis Vras","Ploneour-Lanwern",29174,"Kêriadenn","Kerzoniz Vras",23/10/2007,91915
"Allée de","Ty Bout","Ploneour-Lanwern",29174,"Hent","Estreved Ti Boud",23/10/2007,82231
,"Mine Brenanvec","Ploneour-Lanwern",29174,"Kêriadenn","Mine Brenañveg",23/10/2007,78267
,"Kerhelec","Ploneour-Lanwern",29174,"Kêriadenn","Kerheleg",23/10/2007,82242
,"Kermorvan","Ploneour-Lanwern",29174,"Kêriadenn","Kervorvan",23/10/2007,77983
,"Moulin Vert","Ploneour-Lanwern",29174,"Kêriadenn","Ar Veilh C'hlas",23/10/2007,82255
"Moulin de","Tregalet","Ploneour-Lanwern",29174,"Kêriadenn","Meilh Dregaled",23/10/2007,82233
,"Kergambae Vras","Ploneour-Lanwern",29174,"Kêriadenn","Kergambae Vras",23/10/2007,78108
,"Kerhua Izelañ","Ploneour-Lanwern",29174,"Kêriadenn","Keruha Izelañ",23/10/2007,91899
"Le","Cosquer","Ploneour-Lanwern",29174,"Kêriadenn","Ar Gozhkêr",23/10/2007,78115
,"Kereon","Ploneour-Lanwern",29174,"Kêriadenn","Kereon",23/10/2007,78003
,"Kanol ar Veilh Nevez","Ploneour-Lanwern",29174,"Dour","Kanol ar Veilh Nevez",23/10/2007,91963
,"An Toull Gak","Ploneour-Lanwern",29174,"Diseurt","An Toull Gak",23/10/2007,91998
,"Trégalet","Ploneour-Lanwern",29174,"Kêriadenn","Tregaled",23/10/2007,66592
,"Ti Istribilh","Ploneour-Lanwern",29174,"Kêriadenn","Ti Istribilh",23/10/2007,92007
,"Maner Brenanvec","Ploneour-Lanwern",29174,"Kêriadenn","Maner Brenañveg",23/10/2007,91864
,"Poull Lescoulouarn","Ploneour-Lanwern",29174,"Monumant","Poull Leskoulouarn",23/10/2007,91946
,"Keryvoal","Ploneour-Lanwern",29174,"Kêriadenn","Kerriwal",23/10/2007,82249
,"Lanvern","Ploneour-Lanwern",29174,"Kêriadenn","Lanwern",23/10/2007,66544
,"Kerazan","Ploneour-Lanwern",29174,"Kêriadenn","Kerazan",23/10/2007,78028
"Le","Helles Vian","Ploneour-Lanwern",29174,"Kêriadenn","Hellez Vihan",23/10/2007,78014
,"Kerleac'h Vras","Ploneour-Lanwern",29174,"Kêriadenn","Kerlec'h Vras",23/10/2007,78164
,"Kerignon Vian","Ploneour-Lanwern",29174,"Kêriadenn","Kerignon Vihan",23/10/2007,91904
,"Brahiliec","Ploneour-Lanwern",29174,"Kêriadenn","Brec'hillieg",23/10/2007,66382
,"Penanguer Vian","Ploneour-Lanwern",29174,"Kêriadenn","Pennagêr Vihan",23/10/2007,78148
,"Cornnebec","Ploneour-Lanwern",29174,"Kêriadenn","Kornebeg",23/10/2007,82234
,"Feunteun Kergonian","Ploneour-Lanwern",29174,"Monumant","Feunteun Kergonian",23/10/2007,91890
,"Treordo","Ploneour-Lanwern",29174,"Kêriadenn","Treordo",23/10/2007,66600
,"Kervrouyen Nevez","Ploneour-Lanwern",29174,"Kêriadenn","Kervrouien Nevez",23/10/2007,91925
"Moulin de","Kerfoular","Ploneour-Lanwern",29174,"Kêriadenn","Meilh Gerfoular",23/10/2007,91886
,"Kerguellou","Ploneour-Lanwern",29174,"Kêriadenn","Kergellou",23/10/2007,66462
,"Kerverien","Ploneour-Lanwern",29174,"Kêriadenn","Kerverien",23/10/2007,66526
"La","Minée","Ploneour-Lanwern",29174,"Kêriadenn","Ar Mine",23/10/2007,78023
,"Kerfelest","Ploneour-Lanwern",29174,"Kêriadenn","Kerfelez",23/10/2007,66440
,"Otel Roscoz","Ploneour-Lanwern",29174,"Kêriadenn","Otel Roskozh",23/10/2007,91988
,"Ty Pin Languivoa","Ploneour-Lanwern",29174,"Kêriadenn","Ti Pin Langiwa",23/10/2007,78297
,"Maner Lanvern","Ploneour-Lanwern",29174,"Kêriadenn","Maner Lanwern",23/10/2007,91939
,"Roscoz","Ploneour-Lanwern",29174,"Kêriadenn","Roskozh",23/10/2007,78160
,"Kerruc Vien","Ploneour-Lanwern",29174,"Kêriadenn","Kerrug Vihan",23/10/2007,91912
,"Cosmaner","Ploneour-Lanwern",29174,"Kêriadenn","Ar C'hozhvaner",23/10/2007,78126
,"Lespenhy","Ploneour-Lanwern",29174,"Kêriadenn","Lespenc'hi",23/10/2007,66556
,"Kerprigent Bian","Ploneour-Lanwern",29174,"Kêriadenn","Kerbrijant Vihan",23/10/2007,78113
,"Hent Lescoulouarn","Ploneour-Lanwern",29174,"Hent","Hent Leskoulouarn",23/10/2007,91942
,"Kerniou","Ploneour-Lanwern",29174,"Kêriadenn","Kerniou",23/10/2007,66492
,"Kreisker","Ploneour-Lanwern",29174,"Kêriadenn","Kreiskêr",23/10/2007,66536
,"Keraël","Ploneour-Lanwern",29174,"Kêriadenn","Kerael",23/10/2007,78175
,"Feunteun Lescoulouarn","Ploneour-Lanwern",29174,"Monumant","Feunteun Leskoulouarn",23/10/2007,91941
,"Kerlamen","Ploneour-Lanwern",29174,"Kêriadenn","Kerlamen",23/10/2007,66478
,"Breunteunvez","Ploneour-Lanwern",29174,"Kêriadenn","Brenteunvez",23/10/2007,66390
,"Pont Sanved","Ploneour-Lanwern",29174,"Kêriadenn","Pont Sanved",23/10/2007,78280
,"Coscastel","Plouzane",29212,"Diseurt","Koskastell",19/12/2005,83912
,"Ilioc","Plouzane",29212,"Kêriadenn","An Iliog",19/12/2005,3282
,"Keramazé","Plouzane",29212,"Kêriadenn","Keramazhe",19/12/2005,3655
,"Lesvezien","Plouzane",29212,"Kêriadenn","Lesvizien",19/12/2005,3349
"Le","Reun","Plouzane",29212,"Kêriadenn","Ar Reun",19/12/2005,1995
,"Kerourin","Plouzane",29212,"Kêriadenn","Kerourin",19/12/2005,3329
"Anse du","Dellec","Plouzane",29212,"Diseurt","Bae Delleg Vihan",19/12/2005,83916
"Bois du","Coat","Plouzane",29212,"Koad","Ar C'hoad",20/12/2000,1466
,"Keriars","Plouzane",29212,"Kêriadenn","Keriarz",19/12/2005,3310
,"Kerarbulvaz","Plouzane",29212,"Kêriadenn","Kerarbulvaz",19/12/2005,3289
"Le","Coat","Plouzane",29212,"Kêriadenn","Ar C'hoad",19/12/2005,3270
"Giratoire du","Petit Minou","Plouzane",29212,"Hent","Kroashent-tro ar Minou Bihan",11/08/2003,83945
,"Roz Coat","Plouzane",29212,"Kêriadenn","Roz Koad",21/05/2014,138074
,"Mesquiniec","Plouzane",29212,"Kêriadenn","Meskinieg",19/12/2005,3356
,"Tremaïdic Creis","Plouzane",29212,"Kêriadenn","Tremaidig Kreiz",19/12/2005,2002
,"Kerjourdren","Plouzane",29212,"Kêriadenn","Kerjourdren",19/12/2005,3317
,"Kersquivit","Plouzane",29212,"Kêriadenn","Kerskivid",19/12/2005,3336
"Le","Minou","Plouzane",29212,"Kêriadenn","Ar Minou",19/12/2005,83949
,"Pen ar C'hoat","Plouzane",29212,"Kêriadenn","Penn ar C'hoad an Argoad",19/12/2005,1983
,"Kroaz-Teo","Plouzane",29212,"Kêriadenn","Kroaz Teo",26/06/2014,83934
,"Kerascoet","Plouzane",29212,"Kêriadenn","Keraskoed",19/12/2005,3297
"La","Trinité","Plouzane",29212,"Kêriadenn","An Dreinded",19/12/2005,8496
"Le","Petit Dellec","Plouzane",29212,"Beg","Delleg Vihan",19/12/2005,3277
,"Penn ar Pont Kerhallet","Plouzane",29212,"Kêriadenn","Penn ar Pont Kerc'haled",22/09/2015,143051
,"Kerguestoc","Plouzane",29212,"Kêriadenn","Kergestog",19/12/2005,3306
,"Ty Nevez","Plouzane",29212,"Kêriadenn","Ti Nevez",26/03/2015,2009
,"Kerverrien Braz","Plouzane",29212,"Kêriadenn","Kerverien Vras",19/12/2005,3344
,"Poncelin","Plouzane",29212,"Kêriadenn","Ponsilin",19/12/2005,1990
,"Kerneac'h","Plouzane",29212,"Kêriadenn","Kerneac'h",19/12/2005,3324
,"Porsquéné","Plouzane",29212,"Diseurt","Porskene",19/12/2005,83944
,"Kerézoun","Plouzane",29212,"Kêriadenn","Kerezoun",26/03/2015,3304
,"Mescouezel","Plouzane",29212,"Kêriadenn","Meskouezel",19/12/2005,3657
,"Ar C'heun","Plouzane",29212,"Kêriadenn","Ar C'heun",19/12/2005,3265
,"Gorrekear","Plouzane",29212,"Karter","Gorrekear",19/12/2005,83919
,"Keralliou","Plouzane",29212,"Kêriadenn","Keraliou",19/12/2005,3284
"Le","Mengant","Plouzane",29212,"Kêriadenn","Ar Mengant",19/12/2005,3351
,"Ruguellou","Plouzane",29212,"Kêriadenn","Rugelloù",19/12/2005,1997
,"Kersalaun","Plouzane",29212,"Kêriadenn","Kersalaun",19/12/2005,3331
"Le","Cloître","Plouzane",29212,"Kêriadenn","Ar C'hloastr",19/12/2005,83909
"Chapelle","Notre-Dame du Reun","Plouzane",29212,"Monumant","Chapel Itron-Varia ar Reun","0000-00-00",1627
,"Keriel","Plouzane",29212,"Kêriadenn","Keryell",19/12/2005,3312
,"Kerjean","Plouzane",29212,"Diseurt","Keryann",19/12/2005,83929
,"Kerarguen","Plouzane",29212,"Kêriadenn","Kerargwenn",19/12/2005,3292
"Pointe du","Petit Minou","Plouzane",29212,"Beg","Beg ar Minou",19/12/2005,6845
"Porte de","Plouzané","Plouzane",29212,"Diseurt","Dor Plouzane",01/12/2011,124861
,"Coat Salou","Plouzane",29212,"Kêriadenn","Koatsalou",19/12/2005,3272
"Parc","Jacques Brel","Plouzane",29212,"Takad","Park Jacques Brel",13/02/2015,141728
,"Mezéles","Plouzane",29212,"Kêriadenn","Mezelez",19/12/2005,3358
,"Tremaïdic Izella","Plouzane",29212,"Kêriadenn","Tremaidig Izelañ",19/12/2005,2004
"Le","Rest","Plouzane",29212,"Diseurt","Ar Rest",19/12/2005,83953
,"Pen ar Créac'h","Plouzane",29212,"Kêriadenn","Penn ar C'hreac'h",19/12/2005,1985
,"Kerlavezan","Plouzane",29212,"Kêriadenn","Kerlavezan Vras",22/05/2015,3319
,"Kerthomas","Plouzane",29212,"Kêriadenn","Kerdomaz",19/12/2005,3338
,"Lannevel","Plouzane",29212,"Kêriadenn","Lannevel",19/12/2005,83936
,"Kerbinijen","Plouzane",29212,"Kêriadenn","Kerbinijen",19/12/2005,3299
,"Bodonnou","Plouzane",29212,"Kêriadenn","Bodonoù",19/12/2005,31770
,"Vern Hallec","Plouzane",29212,"Kêriadenn","Ar Vern Haleg",19/12/2005,2011
"Complexe de","Trémaïdic","Plouzane",29212,"Monumant","Kreizenn Tremaidig",30/01/2014,136264
,"Feunteun Sané","Plouzane",29212,"Kêriadenn","Feunteun Sane",19/12/2005,3279
,"Lannevel Bras","Plouzane",29212,"Kêriadenn","Lannevel Vras",19/12/2005,3346
,"Poulpiquet","Plouzane",29212,"Kêriadenn","Poulpiked",19/12/2005,1992
,"Kerneis","Plouzane",29212,"Kêriadenn","Kerneiz",19/12/2005,3326
,"Ti an Diaoul","Plouzane",29212,"Diseurt","Ti an Diaoul",19/12/2005,83954
,"Kergoff","Plouzane",29212,"Kêriadenn","Kergo",19/12/2005,3307
,"Kerandraon","Plouzane",29212,"Kêriadenn","Keradraon",19/12/2005,3286
"Pointe du","Diable","Plouzane",29212,"Beg","Beg an Diaoul","0000-00-00",4992
,"Brehellen","Plouzane",29212,"Kêriadenn","Brec'helen",19/12/2005,3267
,"Kerbaleac'h","Plouzane",29212,"Diseurt","Kerbaleac'h",19/12/2005,83927
,"Mescleuziou","Plouzane",29212,"Kêriadenn","Meskleuzioù",19/12/2005,3353
,"Toulbaléna","Plouzane",29212,"Kêriadenn","Toulbalena",19/12/2005,1999
,"Kersalaun Bras","Plouzane",29212,"Kêriadenn","Kersalaun Vras",19/12/2005,3333
"Le","Grand Minou","Plouzane",29212,"Diseurt","Ar Minou Bras",19/12/2005,83920
"Port de Plaisance du","Dellec","Plouzane",29212,"Diseurt","Porzh-bageal Delleg",21/05/2014,1734
,"Kerivin","Plouzane",29212,"Kêriadenn","Kerivin",19/12/2005,3314
,"Kernevez","Plouzane",29212,"Kêriadenn","Kernevez ar Frañsig",22/09/2015,83931
,"Kerarmestr","Plouzane",29212,"Kêriadenn","Keramestr",19/12/2005,3294
,"Plouzané","Plouzane",29212,"Kumun","Plouzane","0000-00-00",7106
"Espace","Eric Tabarly","Plouzane",29212,"Diseurt","Kreizenn Eric Tabarly",23/04/2012,127412
"Le","Cosquer","Plouzane",29212,"Kêriadenn","Ar Gozhkêr",19/12/2005,3274
,"Koadomnez Vihan","Plouzane",29212,"Kêriadenn","Koadomnez Vihan",16/03/2015,142320
"Corniche du","Minou","Plouzane",29212,"Hent","Aod ar Minou","0000-00-00",3361
"Fontaine de la","Trinité","Plouzane",29212,"Monumant","Feunteun an Dreinded","0000-00-00",2006
"Moulin de","Keralliou","Plouzane",29212,"Monumant","Milin Geraliou",19/12/2005,83924
,"Pen ar Valy","Plouzane",29212,"Kêriadenn","Penn ar Vali",19/12/2005,1987
,"Kerlembars","Plouzane",29212,"Kêriadenn","Kerlembarz",19/12/2005,3321
,"Kervaogon","Plouzane",29212,"Kêriadenn","Kervaogon",19/12/2005,3341
,"Laougat","Plouzane",29212,"Diseurt","Laougad",19/12/2005,83938
,"Kerborhel","Plouzane",29212,"Kêriadenn","Kerborc'hell",19/12/2005,3301
,"Coatquillé","Plouzane",29212,"Kêriadenn","Koatkilhe",19/12/2005,83911
"L'","Hospitalou","Plouzane",29212,"Kêriadenn","An Ospitaloù",19/12/2005,3281
,"Kerallan","Plouzane",29212,"Kêriadenn","Kerallann",19/12/2005,3654
,"Lanrivinec","Plouzane",29212,"Kêriadenn","Lanrivineg",19/12/2005,3348
,"Quilihouarn","Plouzane",29212,"Kêriadenn","Killihouarn",19/12/2005,1994
,"Kerouhant","Plouzane",29212,"Kêriadenn","Kerouc'han",19/12/2005,3328
,"Trouhounan","Plouzane",29212,"Kêriadenn","Trouc'hounan",19/12/2005,83942
,"Kerharniel","Plouzane",29212,"Kêriadenn","Kerarniel",19/12/2005,3309
,"Kerarbelec","Plouzane",29212,"Kêriadenn","Kerarbeleg",19/12/2005,3288
,"Coadenez","Plouzane",29212,"Kêriadenn","Koadenez",19/12/2005,3269
,"Mezer Braz","Plouzane",29212,"Kêriadenn","Mez ar Braz",26/03/2005,23359
,"Mesprat","Plouzane",29212,"Kêriadenn","Mesprad",19/12/2005,3355
,"Tremaïdic","Plouzane",29212,"Kêriadenn","Tremaidig",19/12/2005,2001
,"Kerjestin","Plouzane",29212,"Kêriadenn","Kerjestin",19/12/2005,3316
,"Kersausset","Plouzane",29212,"Kêriadenn","Kersaosed",19/12/2005,3335
"Le","Louc'h","Plouzane",29212,"Diseurt","Al Louc'h",19/12/2005,83939
"Le","Nevent","Plouzane",29212,"Kêriadenn","Nevent",22/05/2014,1982
,"Koad an Ifern","Plouzane",29212,"Koad","Koad an Ifern",19/12/2005,83933
,"Kerarrouz","Plouzane",29212,"Kêriadenn","Kerarrouz",19/12/2005,3296
"Le Grand","Dellec","Plouzane",29212,"Beg","Beg Delleg Vras",19/12/2005,3276
"Ecole","Anita Conti","Plouzane",29212,"Monumant","Skol Anita Conti",02/09/2010,116370
,"Kerargouriz","Plouzane",29212,"Kêriadenn","Kerargouriz",19/12/2005,83925
,"Ty Coz","Plouzane",29212,"Kêriadenn","Ti Kozh",26/03/2015,2008
,"Kerverrien Bihan","Plouzane",29212,"Kêriadenn","Kerverien Vihan",19/12/2005,3343
,"Penhoat","Plouzane",29212,"Kêriadenn","Penc'hoad",19/12/2005,1989
,"Kernazec","Plouzane",29212,"Kêriadenn","Kernazeg",19/12/2005,3323
,"Penhuel","Plouzane",29212,"Kêriadenn","Penhul",19/12/2005,83947
,"Kerebihan","Plouzane",29212,"Kêriadenn","Kerebian",19/12/2005,3303
,"Kroas-Saliou","Plouzane",29212,"Kêriadenn","Kroaz Saliou",19/12/2005,3656
,"Allegot","Plouzane",29212,"Kêriadenn","An Halegod",19/12/2005,3264
,"Croas ar Go","Plouzane",29212,"Diseurt","Kroaz ar Go",19/12/2005,83913
,"Kerac'hor","Plouzane",29212,"Kêriadenn","Kerarc'horr",19/12/2005,3283
,"Lezavarn","Plouzane",29212,"Kêriadenn","Lezavarn",19/12/2005,3350
,"Ringuindy","Plouzane",29212,"Kêriadenn","Ringindi",19/12/2005,1996
,"Kerrousseau","Plouzane",29212,"Kêriadenn","Kerrouso",19/12/2005,3330
"La","Grande Forge","Plouzane",29212,"Diseurt","Ar C'hovel Vras",19/12/2005,83921
"Chapelle de la","Trinité","Plouzane",29212,"Monumant","Chapel an Dreinded","0000-00-00",1624
,"Keribin","Plouzane",29212,"Kêriadenn","Keribin",19/12/2005,3311
,"Ker ar Groaz","Plouzane",29212,"Kêriadenn","Kerargroaz",19/12/2005,3291
,"Coatibous","Plouzane",29212,"Kêriadenn","Koatibouch",19/12/2005,3271
,"Kerhourlo","Plouzane",29212,"Diseurt","Kerc'houllo",19/12/2005,83928
"Terrain de l'","Hospitalou","Plouzane",29212,"Monumant","Tachenn an Ospitaloù",25/11/2014,140297
,"Mezarhes","Plouzane",29212,"Kêriadenn","Mezarez",19/12/2005,3357
,"Tremaïdic Huella","Plouzane",29212,"Kêriadenn","Tremaidig Uhelañ",19/12/2005,2003
,"Pen ar C'hoat","Plouzane",29212,"Kêriadenn","Penn ar C'hoad an Arvor",19/12/2005,1984
,"Kerlaouen","Plouzane",29212,"Kêriadenn","Kerlaouen",19/12/2005,3318
,"Kerstrat","Plouzane",29212,"Kêriadenn","Kerstrad",19/12/2005,3337
"Le","Petit Minou","Plouzane",29212,"Kêriadenn","Ar Minou Bihan",19/12/2005,83950
,"Landréan","Plouzane",29212,"Diseurt","Landrean",19/12/2005,83935
,"Kerbers","Plouzane",29212,"Kêriadenn","Kerberz",19/12/2005,3298
,"Ty Ruz","Plouzane",29212,"Kêriadenn","Ti Ruz",26/03/2015,2010
"Fort du","Dellec","Plouzane",29212,"Monumant","Kreñv Delleg",21/05/2014,3278
"Roche","Mengant","Plouzane",29212,"Karreg","Karreg Vengant",09/06/2000,83940
,"Lannevel Bihan","Plouzane",29212,"Kêriadenn","Lannevel Vihan",19/12/2005,3345
,"Poullic","Plouzane",29212,"Kêriadenn","Ar Poullig",19/12/2005,1991
,"Kernevez","Plouzane",29212,"Kêriadenn","Kernevez (Bodonoù)",19/12/2005,3325
,"Poulzéron","Plouzane",29212,"Diseurt","Poulzeroun",19/12/2005,83948
,"Kerfezan","Plouzane",29212,"Kêriadenn","Kerfezan",19/12/2005,3305
,"Castel-Névez","Plouzane",29212,"Kêriadenn","Kastell Nevez",08/10/1999,4609
"Chapelle de","Bodonnou","Plouzane",29212,"Monumant","Chapel Bodonoù",19/12/2005,3266
,"Kerastrez","Plouzane",29212,"Kêriadenn","Kerlastrez",19/12/2005,83926
,"Kerandantec","Plouzane",29212,"Kêriadenn","Kerandanteg",19/12/2005,3285
,"Mesbioudou","Plouzane",29212,"Kêriadenn","Mesbiodou",10/04/2006,3352
,"Stang Guégen","Plouzane",29212,"Kêriadenn","Stank Gwegen",19/12/2005,1998
,"Kersalaun Bihan","Plouzane",29212,"Kêriadenn","Kersalaun Vihan",19/12/2005,3332
"Le","Dellec","Plouzane",29212,"Kêriadenn","Delleg",19/12/2005,83915
"Le","Technopole","Plouzane",29212,"Monumant","An Teknopol","0000-00-00",1731
,"Kerioual","Plouzane",29212,"Kêriadenn","Kerriwal",19/12/2005,3313
,"Kernévent","Plouzane",29212,"Kêriadenn","Kernevent",19/12/2005,83930
,"Kerarguen an Dour","Plouzane",29212,"Kêriadenn","Kerargwenn an Dour",19/12/2005,3293
,"Coatuelen","Plouzane",29212,"Kêriadenn","Koatuelen",19/12/2005,3273
"Parc","Paul Larreur","Plouzane",29212,"Takad","Park Paul Larreur",20/02/2015,141767
,"Mezquili","Plouzane",29212,"Kêriadenn","Meskilli",19/12/2005,3360
,"Trenen","Plouzane",29212,"Kêriadenn","Trenenn",19/12/2005,2005
"Le","Styvel","Plouzane",29212,"Diseurt","Ar Stivell",19/12/2005,83952
,"Pen ar Pont","Plouzane",29212,"Kêriadenn","Penn ar Pont",19/12/2005,1986
,"Kerlavezan Bihan","Plouzane",29212,"Kêriadenn","Kerlavezan Vihan",19/12/2005,3320
,"Kervao","Plouzane",29212,"Kêriadenn","Kervao",19/12/2005,3340
,"Lannilis","Plouzane",29212,"Kêriadenn","Lanniliz",19/12/2005,83937
,"Kerbleust","Plouzane",29212,"Kêriadenn","Kerbleustr",19/12/2005,3300
,"Coat Omnès","Plouzane",29212,"Kêriadenn","Koadomnez",19/12/2005,83910
,"Goaremm Glaz","Plouzane",29212,"Kêriadenn","Gwaremm C'hlas",19/12/2005,3280
,"Coat-Edern","Plouzane",29212,"Kêriadenn","Koad Edern",19/12/2005,3653
,"Langoulian","Plouzane",29212,"Kêriadenn","Langoulian",19/12/2005,3347
,"Prat Loas","Plouzane",29212,"Kêriadenn","Prad Loaz",19/12/2005,1993
,"Keropars","Plouzane",29212,"Kêriadenn","Kerroparzh",19/12/2005,3327
,"Toulbroc'h","Plouzane",29212,"Kêriadenn","Toulbroc'h",19/12/2005,83941
,"Kerhallet","Plouzane",29212,"Kêriadenn","Kerc'haled",19/12/2005,3308
,"Kerangoff","Plouzane",29212,"Kêriadenn","Kerango",19/12/2005,3287
,"Brignon","Plouzane",29212,"Kêriadenn","Brignon",19/12/2005,3268
"Centre Culturel","François Mitterrand","Plouzane",29212,"Diseurt","Kreizenn Sevenadurel François Mitterrand","0000-00-00",83917
,"Mesculan","Plouzane",29212,"Kêriadenn","Meskulan",19/12/2005,3354
,"Trebaoc","Plouzane",29212,"Kêriadenn","Trebaog",19/12/2005,2000
,"Kerizivin","Plouzane",29212,"Kêriadenn","Kerizivin",19/12/2005,3315
,"Kersignien","Plouzane",29212,"Kêriadenn","Kersignen",19/12/2005,3334
"Le","Guenny","Plouzane",29212,"Diseurt","Gwenni",19/12/2005,83923
,"Moguer","Plouzane",29212,"Kêriadenn","Ar Voger",19/12/2005,1981
,"Kervalanec","Plouzane",29212,"Diseurt","Kervalaneg",19/12/2005,83932
,"Kerarmerrien","Plouzane",29212,"Kêriadenn","Kerarmerien",19/12/2005,3295
,"Croix Marie","Plouzane",29212,"Kêriadenn","Kroaz Mari",19/12/2005,3275
"Phare du","Minou","Plouzane",29212,"Monumant","Tour-tan ar Minou","0000-00-00",3362
,"Ty Baol","Plouzane",29212,"Kêriadenn","Ti Baol",19/12/2005,2007
,"Kerverrien","Plouzane",29212,"Kêriadenn","Kerverien",19/12/2005,3342
,"Croastane","Plouzane",29212,"Diseurt","Kroastane",19/12/2005,83914
,"Penarvern","Plouzane",29212,"Kêriadenn","Pennarvern",19/12/2005,1988
,"Kernabat","Plouzane",29212,"Kêriadenn","Kernabad",26/03/2015,3322
,"Mez Yan","Plouzane",29212,"Kêriadenn","Mezyann",19/12/2005,83946
,"Kerdalaez","Plouzane",29212,"Kêriadenn","Kerdalaez",19/12/2005,3302
"Rue","Max Jacob","Bruz",35047,"Hent","Straed Max Jacob",02/08/2011,122413
"Ecluse de","Pont Réan","Bruz",35047,"Monumant","Skluz Rigan",27/12/2015,144077
,"Mons","Bruz",35047,"Kêriadenn","Mons",31/01/2014,136096
"Allée du","Colibri","Bruz",35047,"Hent","Alez ar C'holibri",05/02/2013,131258
"Rue d'","Iroise","Bruz",35047,"Hent","Straed an Hirwazh",26/09/2011,123523
"Allée","Anita Conti","Bruz",35047,"Hent","Alez Anita Conti",03/05/2012,127503
,"Ker Lann","Bruz",35047,"Diseurt","Kêr Lann",09/02/2011,119140
"Impasse","Pierre-Gilles de Gennes","Bruz",35047,"Hent","Hent-dall Pierre-Gilles de Gennes",04/06/2013,133703
"Avenue de","Wrzesnia","Bruz",35047,"Hent","Bali Wrzesnia",29/01/2013,131259
"Rue","Claude Bernard","Bruz",35047,"Hent","Straed Claude Bernard",02/08/2011,122415
"Ecluse de","Cicé","Bruz",35047,"Monumant","Skluz Cicé",27/12/2015,144079
"Place du","Docteur Joly","Bruz",35047,"Hent","Plasenn an Doktor Joly",31/01/2014,136097
"Le","Haut Launay","Bruz",35047,"Kêriadenn","Ar Wern Uhelañ",05/02/2013,131266
"Rue des","Champs Géons","Bruz",35047,"Hent","Straed Les Champs Géons",04/06/2013,133704
"Rue des","Cadrans","Bruz",35047,"Hent","Straed an Eurieroù-heol",25/05/2012,127898
"Rue","Hélène Boucher","Bruz",35047,"Hent","Straed Hélène Boucher",18/11/2015,143755
,"Bruz","Bruz",35047,"Kumun","Bruz","0000-00-00",4503
"Rue","Henri Queffélec","Bruz",35047,"Hent","Straed Henri Kefeleg",02/08/2011,122410
"Avenue de","Cézembre","Bruz",35047,"Hent","Bali Sezambr",29/01/2013,131261
"Rue","Louis Guilloux","Bruz",35047,"Hent","Straed Louis Gwilhouz",02/08/2011,122424
"Bois des","Ormeaux","Bruz",35047,"Monumant","Koad Les Ormeaux",31/01/2014,136104
"Rue de","Molène","Bruz",35047,"Hent","Straed Molenez",29/01/2013,131255
"Rue","Victor Segalen","Bruz",35047,"Hent","Straed Victor Segalenn",02/08/2011,122412
"Rue","Elise Deroche","Bruz",35047,"Hent","Straed Elise Deroche",18/11/2015,143757
"Le","Cicé","Bruz",35047,"Kêriadenn","Cicé",31/01/2014,136095
"Le","Bas Launay","Bruz",35047,"Kêriadenn","Ar Wern Izelañ",05/02/2013,131264
"Rue","Jules Verne","Bruz",35047,"Hent","Straed Jules Verne",02/08/2011,122425
"La","Noë","Bruz",35047,"Kêriadenn","La Noë",31/01/2014,136220
"Esplanade","Anita Conti","Bruz",35047,"Hent","Reper Anita Conti",03/05/2012,127502
"Rue","Zénaïde Fleuriot","Bruz",35047,"Hent","Straed Zénaïde Fleuriot",17/07/2015,142683
"Impasse","Irène Joliot-Curie","Bruz",35047,"Hent","Hent-dall Irène Joliot-Curie",04/06/2013,133702
"Square de l'","Ile de Groix","Bruz",35047,"Hent","Skwar Enez-Groe",29/01/2013,131257
"Rue","Pêr-Jakez Hélias","Bruz",35047,"Hent","Straed Pêr-Jakez Heliaz",02/08/2011,122414
"Ecluse de","Mons","Bruz",35047,"Monumant","Skluz Mons",27/12/2015,144078
"Parc de la","Herverie","Bruz",35047,"Monumant","Liorzh La Herverie",31/01/2014,136099
"Chemin du","Haut Launay","Bruz",35047,"Hent","Hentig ar Wern Uhelañ",05/02/2013,131265
"Esplanade","Colette Besson","Bruz",35047,"Hent","Reper Colette Besson",03/05/2012,127504
"Rue","Louis Blériot","Bruz",35047,"Hent","Straed Louis Blériot",18/11/2015,143754
"Rue de la","Croix Vaisserelle","Bruz",35047,"Hent","Straed ar Groaz Vaisserelle",11/07/2013,133996
"Rue","Eugène Guillevic","Bruz",35047,"Hent","Straed Eugène Gwilhevig",02/08/2011,122408
"Avenue de l'","Europe","Bruz",35047,"Hent","Bali Europa",29/01/2013,131260
"Rue","Jean Guéhenno","Bruz",35047,"Hent","Straed Jean Gwehenno",02/08/2011,122416
"Square","Abbé Pierre","Bruz",35047,"Hent","Skwar an Abad Pierre",22/01/2016,131254
"Rue","Germaine Marquer","Bruz",35047,"Hent","Straed Germaine Marquer",31/01/2014,136098
,"Launay","Bruz",35047,"Kêriadenn","Ar Wern",05/02/2013,131262
"Rue","Noël du Fail","Bruz",35047,"Hent","Straed Noël du Fail",02/08/2011,122411
"Rue","Gabriel Voisin","Bruz",35047,"Hent","Straed Gabriel Voisin",18/11/2015,143756
,"Champcors","Bruz",35047,"Kêriadenn","Champcors",31/01/2014,95605
"Chemin du","Bas Launay","Bruz",35047,"Hent","Hentig ar Wern Izelañ",05/02/2013,131263
"Rue","Fleming","Bruz",35047,"Hent","Straed Fleming",02/08/2011,122418
"Château des","Planches","Bruz",35047,"Monumant","Kastell Les Planches",31/01/2014,136114
"Rue","René-Guy Cadou","Bruz",35047,"Hent","Straed René-Guy Kadou",02/04/2012,127223
"Rond-point","Anita Conti","Bruz",35047,"Hent","Kroashent-tro Anita Conti",07/01/2013,127501
"Rue","Louis Hémon","Bruz",35047,"Hent","Straed Louis Hemon",17/07/2015,142682
"Chemin du","Paradis","Bruz",35047,"Hent","Hentig ar Baradoz",29/01/2013,131256
